Benchmark,type_konfig_parameter,Run,CARI,CA-NN,CA-KNN2,CA-KNN3,CA-KNN4,CA-KNN5,HNRI
X-n106-k14,untuned,1,32192.2,28154,28994.3,29633.8,30101.7,29162.2,28415.9
X-n106-k14,untuned,2,33282.8,28218.8,29083.5,29875.2,30764,30094,28393.5
X-n106-k14,untuned,3,33297.4,28201.8,29107.9,29676.7,30179.8,30161.8,28901.5
X-n106-k14,untuned,4,33104.2,28246,29401.8,29737.1,29930.9,30109,28715.7
X-n106-k14,untuned,5,34398.4,28188.4,28831.5,30105.7,30655.2,29709,28901.5
X-n106-k14,untuned,6,32469.2,27903,29127.3,29594.1,30109.4,31222.4,28330.8
X-n106-k14,untuned,7,33027.8,28442.5,29091.3,30079.9,30673.1,29918.5,28901.5
X-n106-k14,untuned,8,34114.3,28114.5,29479.3,29972.6,30204.6,30253.5,28900.5
X-n106-k14,untuned,9,33604.3,28205.8,29441,30103,31033.5,31063.1,28205.6
X-n106-k14,untuned,10,33125.4,28241,29229.8,29642.3,29500.1,29751.2,28446.6
X-n106-k14,untuned,11,33310.4,28174,28818.1,29165.4,30142,30090.4,28415.1
X-n106-k14,untuned,12,33339.1,28246.4,29234.3,30134.6,30563.3,30748.4,28234.3
X-n106-k14,untuned,13,31316.9,28284.7,29075.6,30051.7,30435.9,30992.7,28305.3
X-n106-k14,untuned,14,33118.8,27948.5,28940.4,29315.5,29948.4,30525.1,28901.5
X-n106-k14,untuned,15,34086.1,28152.5,29076.4,30001.7,30090.1,30065.9,28652.1
X-n106-k14,untuned,16,32824.3,28241.7,29011.5,29297.3,30132.9,30692.7,28841.8
X-n106-k14,untuned,17,33669,28167.9,28848.2,29163.7,30397.4,30388.9,28323.4
X-n106-k14,untuned,18,32822.2,28211.9,29227.3,29572.2,30530,31152.3,28672.1
X-n106-k14,untuned,19,34677,28178.8,29198.9,29773.7,29969.1,30705.8,28901.1
X-n106-k14,untuned,20,33382.6,28195.1,29146.6,29715.1,29929.7,30683.5,28901.5
X-n204-k19,untuned,1,38304.8,23598.4,26949.5,26525.5,31991.1,31468.3,24031.4
X-n204-k19,untuned,2,40113.1,24071.7,27520.3,26812.9,31065.1,31409,24679.1
X-n204-k19,untuned,3,38431.1,23720.8,27001.7,29815.5,29892.3,30476.7,24791.4
X-n204-k19,untuned,4,39150.6,23766.8,26124.6,28715.1,28668.6,31398.1,24791.4
X-n204-k19,untuned,5,40495.1,23857.5,26536.5,29704.8,28253.7,29487.4,24791.4
X-n204-k19,untuned,6,40522.8,23654.9,25168.7,28964.7,30437.9,30470.3,23825.1
X-n204-k19,untuned,7,38703.9,23877.3,27463.6,29156.3,30352,34222.2,23919.1
X-n204-k19,untuned,8,39045.8,23672,26454.8,28544.2,31737.8,31967.8,24791.4
X-n204-k19,untuned,9,44336.1,24063.4,27237.5,29385.2,30855.6,34541.7,23811.5
X-n204-k19,untuned,10,41675.2,23572.8,26893,30070.8,29434.5,31636.2,23792
X-n204-k19,untuned,11,37932.3,23760.4,26820.2,28471.4,32624.9,30539.4,24791.4
X-n204-k19,untuned,12,36951.8,23477.8,26029.3,29776.1,32066.7,33020.2,24081.9
X-n204-k19,untuned,13,41589.9,23823.9,26478.4,28511.5,30966.4,32960.6,23972.2
X-n204-k19,untuned,14,41704.7,23777.3,26768.2,29441.5,30864.5,30850.2,24791.4
X-n204-k19,untuned,15,42039.8,23939,25594.9,29621.1,29966.3,31368.8,23857.5
X-n204-k19,untuned,16,38708.4,24137.4,26756.7,29821.4,31756.2,31067.6,23829.9
X-n204-k19,untuned,17,37796.6,23546.1,27360.7,28632.2,31634,31658.4,24791.4
X-n204-k19,untuned,18,37418.1,23999.2,26122.9,29078.7,31043.2,32693.3,23974.9
X-n204-k19,untuned,19,39382.5,23626.4,25108.1,29543.9,31774.2,33380.9,24780.2
X-n204-k19,untuned,20,40626.6,24063.4,26300.8,29133,29753.8,32928.8,23866.4
X-n308-k13,untuned,1,69657.6,34110.2,38475.4,39012.9,42295.5,42844.9,34867.3
X-n308-k13,untuned,2,63569.7,34121.4,36871.1,39983.2,40058.6,41560.3,33755.2
X-n308-k13,untuned,3,57123.8,34867.3,36170.4,40529.1,40230.8,43334.1,33146.2
X-n308-k13,untuned,4,51776.3,33422.7,37900.5,39005.8,41723.3,41878,32994.4
X-n308-k13,untuned,5,63545.3,32809.2,36051.4,42024.9,40523.4,41813.8,34770.5
X-n308-k13,untuned,6,70155,33717.4,37756.7,39688.2,40857.9,43203,35795.8
X-n308-k13,untuned,7,62941.4,34912.8,36234.5,39673.1,40859.5,44672,33487.9
X-n308-k13,untuned,8,57060.7,35460.8,37665.3,41402.1,41004.2,42698.3,34083.4
X-n308-k13,untuned,9,71300.8,34560.8,37641.2,40125.8,39638.2,41514,32319.9
X-n308-k13,untuned,10,60424.7,32864.7,38001.9,40608.5,42995.2,41239.9,34284.5
X-n308-k13,untuned,11,56218.6,34678.8,37945.4,36955.7,41606.5,40569.1,33754.9
X-n308-k13,untuned,12,67565.6,34867.3,37066.3,37672.5,39756.7,43844.5,33886.9
X-n308-k13,untuned,13,61865.1,34882,37914,38899.6,40529.4,42598.4,34289.2
X-n308-k13,untuned,14,67092.4,34706.7,36673.8,39278.4,41761.9,42070,34691.7
X-n308-k13,untuned,15,66153,34139,36960.9,40241,41482.4,43531.1,35795.8
X-n308-k13,untuned,16,68494.7,34656.3,37134.4,39616.8,40779.9,42403.1,33948.2
X-n308-k13,untuned,17,61462.5,33334.1,36797.1,39932.6,41850.8,46305.6,35795.8
X-n308-k13,untuned,18,60832.1,34867.3,36967.3,41884.5,40228,42987.1,35795.8
X-n308-k13,untuned,19,60970.7,33140.9,37518.9,39273.3,43536.7,42469.7,35795.8
X-n308-k13,untuned,20,58221.7,33248.2,37789.9,38713.3,43231.9,42742.5,34977.8
X-n376-k94,untuned,1,264528,150622,153762,155380,159159,161163,150642
X-n376-k94,untuned,2,260124,150570,153697,156348,158583,160837,150642
X-n376-k94,untuned,3,256525,150606,153756,156553,159004,160703,150642
X-n376-k94,untuned,4,263849,150607,153959,156406,158858,161722,150642
X-n376-k94,untuned,5,259124,150542,154078,156323,159106,161287,150642
X-n376-k94,untuned,6,260964,150567,153689,156716,159101,161482,150642
X-n376-k94,untuned,7,256200,150605,154031,156160,159367,161251,150642
X-n376-k94,untuned,8,249581,150608,153536,156862,158983,161150,150642
X-n376-k94,untuned,9,258190,150606,153606,156652,158749,161627,150642
X-n376-k94,untuned,10,258148,150572,153853,156587,158943,160711,150642
X-n376-k94,untuned,11,256815,150609,153806,157079,159245,160697,150604
X-n376-k94,untuned,12,253966,150622,153767,156481,159034,160601,150642
X-n376-k94,untuned,13,254991,150599,153720,156658,159005,161417,150642
X-n376-k94,untuned,14,251390,150610,153954,155897,159180,161568,150642
X-n376-k94,untuned,15,250884,150617,153590,156221,158960,161942,150642
X-n376-k94,untuned,16,261430,150551,153916,156441,158221,160354,150642
X-n376-k94,untuned,17,243865,150604,153361,156422,158105,161087,150623
X-n376-k94,untuned,18,254681,150639,153491,156524,158571,160339,150642
X-n376-k94,untuned,19,259651,150572,153735,156195,159015,161027,150642
X-n376-k94,untuned,20,273779,150622,153784,156595,159508,161678,150642
X-n502-k39,untuned,1,100922,72081.1,74100.6,76189.2,78741.1,79639.1,72081.1
X-n502-k39,untuned,2,101176,72081.1,74316.2,76862.1,77976.9,79741.8,72081.1
X-n502-k39,untuned,3,98941.1,72081.1,74296.3,76721.4,78752.9,80629.3,72081.1
X-n502-k39,untuned,4,101632,72081.1,74206.4,76796.4,79205.8,80415,72081.1
X-n502-k39,untuned,5,99222.3,72081.1,74540.8,76513.6,78826,81164.4,72081.1
X-n502-k39,untuned,6,99501.1,72081.1,73962.4,76525.5,78824.8,80701.9,72081.1
X-n502-k39,untuned,7,99861.3,72081.1,74285.1,76346,78168.7,80437.7,72081.1
X-n502-k39,untuned,8,100871,72081.1,74786.6,76896.5,78391,80667,72081.1
X-n502-k39,untuned,9,103104,72081.1,74251.7,76938.7,78757.6,80699.4,72081.1
X-n502-k39,untuned,10,100753,72081.1,74428.8,76579.6,78548.6,79211.3,72081.1
X-n502-k39,untuned,11,100148,72081.1,74276,76079.6,78806.9,80052,72081.1
X-n502-k39,untuned,12,100404,72081.1,74480.1,76828.9,77935.8,79732,72081.1
X-n502-k39,untuned,13,97877.3,72079.6,74363,76849.1,78798.6,80902.8,72081.1
X-n502-k39,untuned,14,101733,72081.1,74566.5,76838.8,78663.3,81168.3,72081.1
X-n502-k39,untuned,15,97903.9,72081.1,74460,76644.4,78867.5,80616.9,72081.1
X-n502-k39,untuned,16,102518,72081.1,74568.9,77016.8,78922.4,80551.7,72081.1
X-n502-k39,untuned,17,100097,72081.1,74568.1,77103.5,78685.3,80876.5,72081.1
X-n502-k39,untuned,18,100009,72020,74569.6,76797,78411.8,80511.9,72081.1
X-n502-k39,untuned,19,100715,72081.1,74080.9,76957.5,78943.4,80684,72081.1
X-n502-k39,untuned,20,102499,71898.9,74034.5,76753.2,79342.8,80403.3,72081.1
X-n655-k131,untuned,1,224040,109877,111085,113780,115741,117694,109891
X-n655-k131,untuned,2,232752,109869,111355,113900,116008,117383,109877
X-n655-k131,untuned,3,213014,109858,111694,114017,115848,117398,109891
X-n655-k131,untuned,4,220765,109860,111520,113797,114562,117240,109887
X-n655-k131,untuned,5,223995,109856,111625,113688,115492,116964,109878
X-n655-k131,untuned,6,235640,109867,111521,113912,115517,117513,109891
X-n655-k131,untuned,7,221481,109862,111795,113618,115212,117222,109891
X-n655-k131,untuned,8,225851,109840,111421,113799,115903,117969,109891
X-n655-k131,untuned,9,228562,109863,111652,114077,115527,117395,109891
X-n655-k131,untuned,10,224155,109865,111831,114389,115225,115757,109891
X-n655-k131,untuned,11,231949,109846,111704,113358,115081,117473,109891
X-n655-k131,untuned,12,221597,109864,111899,113546,115436,117995,109891
X-n655-k131,untuned,13,231039,109869,112169,113429,115512,117355,109891
X-n655-k131,untuned,14,225309,109869,111772,114161,115847,117547,109891
X-n655-k131,untuned,15,235555,109864,111186,114161,115842,117591,109891
X-n655-k131,untuned,16,231838,109865,110746,113174,115732,117390,109891
X-n655-k131,untuned,17,220789,109876,111049,113585,115395,117682,109875
X-n655-k131,untuned,18,228576,109862,111815,113622,115575,117964,109891
X-n655-k131,untuned,19,234070,109853,111621,113703,115471,117000,109891
X-n655-k131,untuned,20,231604,109863,111557,114402,116251,117425,109891
X-n801-k40,untuned,1,182132,80138,86817.8,91736.3,96362.2,100813,80138
X-n801-k40,untuned,2,185748,80138,86175.7,92315.8,96792.1,101973,80138
X-n801-k40,untuned,3,183056,80138,86093.4,91686.6,96234.7,100811,80138
X-n801-k40,untuned,4,181555,80138,86060.8,92356.6,95372.8,101389,80138
X-n801-k40,untuned,5,184581,80138,85907.8,91865.5,96240.3,101157,80138
X-n801-k40,untuned,6,186498,80138,86439.9,91427.6,96678.4,101156,80138
X-n801-k40,untuned,7,188117,80138,86340.1,91543.9,97176.5,101943,80138
X-n801-k40,untuned,8,182009,80138,86928.7,92509.5,96680.2,100896,80138
X-n801-k40,untuned,9,184697,80138,86259.2,92192.3,96917.9,101296,80138
X-n801-k40,untuned,10,188276,80138,86720.1,92397.6,96152.5,101121,80138
X-n801-k40,untuned,11,181353,80138,86574.2,91814.8,96720.4,99496,80138
X-n801-k40,untuned,12,178644,80138,86208.8,91333.7,96084.6,100990,80138
X-n801-k40,untuned,13,183500,80138,87080.3,92076,96510.9,101036,80138
X-n801-k40,untuned,14,181263,80138,87013.9,92196.1,96702,101187,80138
X-n801-k40,untuned,15,183318,80138,86358.5,91965.7,96615,100249,80138
X-n801-k40,untuned,16,181179,80138,85986.3,91817.4,97028.7,100483,80138
X-n801-k40,untuned,17,182806,80138,86308.8,91702,96601.2,101387,80138
X-n801-k40,untuned,18,180737,80138,86771.7,92102,96171.6,101809,80138
X-n801-k40,untuned,19,185850,80138,86866.2,91495.1,95651.5,101685,80138
X-n801-k40,untuned,20,184315,80138,86534.4,91930.3,96913.4,101677,80138
X-n876-k59,untuned,1,326052,120721,125092,128301,132472,132909,120832
X-n876-k59,untuned,2,335566,119760,124504,127701,133705,134890,120522
X-n876-k59,untuned,3,325479,119390,123816,127121,132181,137103,121285
X-n876-k59,untuned,4,311642,119415,124004,129648,132179,135133,121285
X-n876-k59,untuned,5,355219,120272,123344,129125,133530,134698,121285
X-n876-k59,untuned,6,308375,120116,122850,127815,130521,135936,121285
X-n876-k59,untuned,7,331466,120658,123565,127910,130219,135111,118505
X-n876-k59,untuned,8,327159,120811,122396,125969,131959,132891,119009
X-n876-k59,untuned,9,331639,120285,122723,128459,133019,136298,120397
X-n876-k59,untuned,10,306066,120259,124741,128629,129814,136170,121285
X-n876-k59,untuned,11,310519,119134,122229,125523,131623,136140,119928
X-n876-k59,untuned,12,315359,119971,124701,128417,133028,135925,121247
X-n876-k59,untuned,13,316812,120012,122976,128174,132435,137109,121285
X-n876-k59,untuned,14,330957,119619,123593,127490,129558,135326,121285
X-n876-k59,untuned,15,347944,119618,120782,125564,133951,135676,120431
X-n876-k59,untuned,16,328232,119691,120785,126192,134628,132284,119390
X-n876-k59,untuned,17,346304,120721,125434,126121,131097,134302,119958
X-n876-k59,untuned,18,320055,120721,124471,127527,133132,136651,119838
X-n876-k59,untuned,19,328233,120721,124627,129249,130773,135899,120722
X-n876-k59,untuned,20,330547,120378,124007,127536,129745,135052,119922
X-n957-k87,untuned,1,357143,92444.9,97720.6,103248,107435,102260,92444.9
X-n957-k87,untuned,2,355329,92444.9,98001.3,103117,107188,103601,92444.9
X-n957-k87,untuned,3,336309,92444.9,98335.4,101957,107492,102752,92444.9
X-n957-k87,untuned,4,350773,92444.9,98614.1,103351,107956,101917,92444.9
X-n957-k87,untuned,5,328744,92444.9,97746.5,102564,108086,103143,92444.9
X-n957-k87,untuned,6,348854,92444.9,97937.9,103453,107986,103839,92444.9
X-n957-k87,untuned,7,359827,92444.9,98419.4,103254,106329,102862,92444.9
X-n957-k87,untuned,8,338126,92444.9,98151.3,103230,107708,102787,92444.9
X-n957-k87,untuned,9,356654,92444.9,98275.5,102383,107822,102252,92444.9
X-n957-k87,untuned,10,341250,92444.9,98305.4,102669,107637,103309,92444.9
X-n957-k87,untuned,11,367358,92444.9,98403.9,102880,108488,102315,92444.9
X-n957-k87,untuned,12,352919,92444.9,98189.6,102967,106710,103042,92444.9
X-n957-k87,untuned,13,361461,92444.9,98375.2,103611,105913,103232,92444.9
X-n957-k87,untuned,14,347526,92444.9,98180.1,103100,107595,102990,92444.9
X-n957-k87,untuned,15,340080,92444.9,97620.5,102636,108208,102405,92444.9
X-n957-k87,untuned,16,350488,92444.9,97578.6,103812,108224,102806,92444.9
X-n957-k87,untuned,17,361327,92444.9,97838.5,103028,107833,103584,92444.9
X-n957-k87,untuned,18,349290,92444.9,97871.3,102821,107163,102453,92444.9
X-n957-k87,untuned,19,351839,92444.9,98325.8,103578,107346,102894,92444.9
X-n957-k87,untuned,20,351341,92444.9,97924.7,103366,107317,101311,92444.9
X-n1001-k43,untuned,1,289291,86150,93027.7,99534.7,105390,100931,86150
X-n1001-k43,untuned,2,242146,86150,93259.6,99600.6,105333,99607.1,86185.4
X-n1001-k43,untuned,3,269432,86150,93214.9,100437,106022,100901,86185.4
X-n1001-k43,untuned,4,290607,86003.2,92716.9,98605.8,106474,100334,86150
X-n1001-k43,untuned,5,275275,86150,91647.7,99571.3,105799,99683.3,86150
X-n1001-k43,untuned,6,271487,86150,93521.1,100288,105197,99722.3,85909.7
X-n1001-k43,untuned,7,256345,86150,93297.2,100063,104835,100148,86185.4
X-n1001-k43,untuned,8,276586,86150,93838.7,100278,105186,100823,86185.4
X-n1001-k43,untuned,9,282377,85885.5,93081.6,100161,105930,100767,86185.4
X-n1001-k43,untuned,10,276873,86013,93112,99657.7,104737,100825,86185.4
X-n1001-k43,untuned,11,275286,86150,94211.6,99632.9,104694,100240,86185.4
X-n1001-k43,untuned,12,298207,86150,93198.4,99981.1,106041,99638.8,86185.4
X-n1001-k43,untuned,13,265416,86150,93451.2,99695.1,104508,101704,86185.4
X-n1001-k43,untuned,14,276065,86003.2,92655.8,100483,105589,101308,86185.4
X-n1001-k43,untuned,15,266050,85996,92892.3,99284,105812,100004,86185.4
X-n1001-k43,untuned,16,238735,86150,92622.8,100195,104619,101005,86050.8
X-n1001-k43,untuned,17,273772,86150,93684.3,98508.9,104904,101106,86185.4
X-n1001-k43,untuned,18,283006,86150,93457.1,99774.1,104227,99391.3,86185.4
X-n1001-k43,untuned,19,250528,86150,93204.7,99671.5,105573,100035,86150
X-n1001-k43,untuned,20,314611,86150,93562.3,99889.5,106706,100313,86150
X-n106-k14,tuned type 2,1,31119.5,28461.6,28647.3,29010.2,28979.2,29174.5,28308.7
X-n106-k14,tuned type 2,2,31926,28413.9,28244.8,28512.8,28586.2,28558.1,28329.9
X-n106-k14,tuned type 2,3,30911.2,28416.5,28826.1,29431.8,28766,29374.3,28418.7
X-n106-k14,tuned type 2,4,31821.3,28327.1,28013.6,28615.4,28594.4,29516.2,28461.9
X-n106-k14,tuned type 2,5,31005.3,28548.6,28220.3,28539.7,29038.5,29084.4,28298
X-n106-k14,tuned type 2,6,30779.6,28456.4,28373.2,29096.3,28981.5,29392,28459.5
X-n106-k14,tuned type 2,7,31343.4,28406.5,28586.8,28712.5,29225,29536.7,28210
X-n106-k14,tuned type 2,8,31456.2,28380.4,28517.2,28889.7,29246.1,29387.6,28386.8
X-n106-k14,tuned type 2,9,31387.3,28300.5,28517.3,28583.9,29672.4,29257.3,28537.3
X-n106-k14,tuned type 2,10,31531.4,28505.8,28724.3,28262,28910.4,29423.6,28077.8
X-n106-k14,tuned type 2,11,31587.5,28484.2,28430.6,28995.4,29020.2,29354.9,28043.1
X-n106-k14,tuned type 2,12,31600.1,28468.6,28813.5,28873.1,28957.9,29849,28259.9
X-n106-k14,tuned type 2,13,30996,28468.9,28928.6,28636.7,28625.5,28589,28285
X-n106-k14,tuned type 2,14,31566.7,28427.7,28533.8,28964.6,29043.5,29539,28354.7
X-n106-k14,tuned type 2,15,31298.4,28496.8,28572.8,28880.5,28871.6,29086.1,28500.2
X-n106-k14,tuned type 2,16,31245,28359.3,28372.1,29092.2,28850,29403,28142.2
X-n106-k14,tuned type 2,17,31104.4,28465.3,28850,29052.9,28958.4,28873.9,28345.4
X-n106-k14,tuned type 2,18,31155.7,28499.6,28502.6,28742.7,29297.4,29688.5,28296.9
X-n106-k14,tuned type 2,19,31074.1,28343.9,28126.8,28789.8,29539.2,29359.8,28311.1
X-n106-k14,tuned type 2,20,31092.9,28325.4,28236.4,29056.6,29287.3,28883.6,28327.4
X-n204-k19,tuned type 2,1,38487.9,22899.7,25296.5,27796.7,29322.2,30302.2,23097.5
X-n204-k19,tuned type 2,2,38975.7,23027.3,26199.6,28437.1,28831.6,30371,23045
X-n204-k19,tuned type 2,3,39754.4,22923.1,25657.8,27860.5,28155.4,31113.1,23083.5
X-n204-k19,tuned type 2,4,39674.5,23223.8,25173.1,26949.1,29506.8,27578.5,22740.5
X-n204-k19,tuned type 2,5,37262.5,22923.1,25610.7,25901.5,29056.5,29317.2,22804.3
X-n204-k19,tuned type 2,6,38791.8,22884.6,24890.5,28032,29733.8,29075.2,23058
X-n204-k19,tuned type 2,7,38790,23081.6,26406.1,26066.2,28050,30656.8,22491.2
X-n204-k19,tuned type 2,8,39327.2,23027.3,26112.7,26922.9,30771.7,27608.5,22923.1
X-n204-k19,tuned type 2,9,39172.6,22742.4,25820.8,27431.1,26897.7,30234.5,23081.6
X-n204-k19,tuned type 2,10,38739.5,23083.5,25181.8,26746,26902.1,31350.2,23319.7
X-n204-k19,tuned type 2,11,37888,22884.6,25087.9,27917.9,29946.9,29275.6,23078.5
X-n204-k19,tuned type 2,12,38001,23224.3,24974.5,27468.5,29940.9,28733.3,22837.6
X-n204-k19,tuned type 2,13,39357.9,23111.7,25798.1,28397.8,30242.6,29794.6,23027.3
X-n204-k19,tuned type 2,14,39165.2,23280.5,25977.6,27308.5,28525.1,27843.9,22860.9
X-n204-k19,tuned type 2,15,39173,22747.8,25134.2,28279.7,28538.8,29302.5,22931
X-n204-k19,tuned type 2,16,39749.4,22804.3,25552.2,26489,28359.9,27593,23010.4
X-n204-k19,tuned type 2,17,39012.3,22923.1,24867.3,27216.3,28547.8,28986.1,23220.8
X-n204-k19,tuned type 2,18,39559.7,23120.1,24531.2,28276.8,28245.1,29709.7,23162.5
X-n204-k19,tuned type 2,19,38785.8,23010.4,25724.9,28314.3,27137,29989.1,23324.9
X-n204-k19,tuned type 2,20,37391,23001.3,25523.8,28482,27279,29975.5,22964.7
X-n308-k13,tuned type 2,1,50398.8,33236.4,36403.9,38198.2,39696.1,39328.3,33625.5
X-n308-k13,tuned type 2,2,48972.3,34912.8,34946.5,36140.1,38794.8,38958.1,33441
X-n308-k13,tuned type 2,3,48958.9,34867.3,34856.9,37309.5,37057.8,39838.5,33119.5
X-n308-k13,tuned type 2,4,49068.7,33900.1,35319.3,37250.2,37871.1,39965.7,32529.3
X-n308-k13,tuned type 2,5,48527.4,34133.1,36474.7,35659.3,38905.3,40588.7,33463.1
X-n308-k13,tuned type 2,6,49108.6,34100.2,35036,35526.1,38765.3,39224.6,33584.8
X-n308-k13,tuned type 2,7,49702.8,34119.1,36125.1,37229.3,39255,38756.3,33322.3
X-n308-k13,tuned type 2,8,47761.5,34867.3,34907.9,36277.2,38063.1,39365.5,33135.1
X-n308-k13,tuned type 2,9,48698.8,33581.6,34737.1,36781.9,36020.4,38634.5,32342.4
X-n308-k13,tuned type 2,10,47923.6,33098.7,34653.2,34639.9,36129.2,39657.9,32952.8
X-n308-k13,tuned type 2,11,47671.1,33997.1,35379.9,37997.8,38980.7,39379.2,32773.4
X-n308-k13,tuned type 2,12,48748.4,34289.9,34623.4,37219.8,38638.8,38914.2,34371.7
X-n308-k13,tuned type 2,13,50130.5,33455.8,34852.3,37028,37930.9,38678.6,33953.4
X-n308-k13,tuned type 2,14,48222.3,34867.3,35346.7,37294.8,38196.2,38818,33574.4
X-n308-k13,tuned type 2,15,48896.2,34335.3,35992.9,37909.3,37108.9,39262.9,32990
X-n308-k13,tuned type 2,16,49521.6,33822.5,35024.2,35270.5,37878.8,37721.5,33499.6
X-n308-k13,tuned type 2,17,49246,33771,35029.2,37170.2,37338.8,38460.3,32513.2
X-n308-k13,tuned type 2,18,48676.5,34912.8,34743.4,37177.4,36708.4,40147,33683.1
X-n308-k13,tuned type 2,19,48634.5,33702.3,35049.8,36711.8,38798.7,39445,33330.6
X-n308-k13,tuned type 2,20,47990.5,33419.8,34971,37095.4,36658,39764.7,33277.3
X-n376-k94,tuned type 2,1,225093,150606,153075,155527,158161,160504,150605
X-n376-k94,tuned type 2,2,226171,150602,153168,155905,158391,160275,150568
X-n376-k94,tuned type 2,3,227860,150602,153190,155562,158448,160501,150584
X-n376-k94,tuned type 2,4,226562,150599,152965,155321,158536,159926,150601
X-n376-k94,tuned type 2,5,225292,150622,153331,155349,158233,160356,150625
X-n376-k94,tuned type 2,6,226335,150542,152843,155751,157969,160335,150384
X-n376-k94,tuned type 2,7,226613,150583,153215,155778,158504,160281,150554
X-n376-k94,tuned type 2,8,227329,150594,153186,155995,157990,160297,150589
X-n376-k94,tuned type 2,9,227122,150588,153215,156196,158883,160081,150475
X-n376-k94,tuned type 2,10,225155,150622,153128,156042,157971,160637,150585
X-n376-k94,tuned type 2,11,226328,150613,153051,155881,158590,160648,150591
X-n376-k94,tuned type 2,12,224896,150609,153201,155633,158057,160451,150588
X-n376-k94,tuned type 2,13,224218,150606,153037,155688,158772,160668,150601
X-n376-k94,tuned type 2,14,224933,150591,153131,155551,157013,160349,150501
X-n376-k94,tuned type 2,15,225521,150556,153371,155112,158396,160278,150591
X-n376-k94,tuned type 2,16,224928,150597,153139,155892,158669,160484,150424
X-n376-k94,tuned type 2,17,224753,150566,153219,155350,158482,160319,150608
X-n376-k94,tuned type 2,18,227199,150608,153046,155608,157527,160446,150598
X-n376-k94,tuned type 2,19,226625,150598,153241,155884,158201,160014,150588
X-n376-k94,tuned type 2,20,225513,150585,153481,156179,157903,160423,150602
X-n502-k39,tuned type 2,1,126773,71853.4,74098.6,76182.7,78288.4,79661.1,71823.7
X-n502-k39,tuned type 2,2,128951,71817.4,74147.8,76101.6,78263.1,79264,71861.5
X-n502-k39,tuned type 2,3,130109,71827.5,73748.9,76050.9,77912.8,78710.9,71851
X-n502-k39,tuned type 2,4,125117,71815.6,74055.7,75968.2,78053.2,79400.2,71821.8
X-n502-k39,tuned type 2,5,124680,71857.9,73997.4,76085.7,78147.3,79838.5,71814.1
X-n502-k39,tuned type 2,6,125386,71783.8,74073.1,75942.8,77665.2,80235.6,71861.5
X-n502-k39,tuned type 2,7,124685,71812.1,74161.1,76135.8,77416.5,79905.6,71849.8
X-n502-k39,tuned type 2,8,125869,71815.9,74026.8,76003,77607.5,79920.4,71813.8
X-n502-k39,tuned type 2,9,128097,71813.2,74107.6,76075.8,78115.5,79532.9,71820.4
X-n502-k39,tuned type 2,10,127943,71826.2,73952.9,76191.3,77466.9,79817,71853.8
X-n502-k39,tuned type 2,11,125021,71814.1,74015.7,75985.7,77487.5,79654.2,71814.1
X-n502-k39,tuned type 2,12,127307,71816,73839.1,76231.2,78307.6,79642.1,71801.8
X-n502-k39,tuned type 2,13,127446,71815.8,74047.3,76066.9,78026.2,79625.4,71816
X-n502-k39,tuned type 2,14,126835,71817.4,73991.8,76171.8,78253.9,79700.4,71815.6
X-n502-k39,tuned type 2,15,127545,71813.8,73872.4,76099,78219.8,79199.7,71815.8
X-n502-k39,tuned type 2,16,122800,71817.4,73943.6,75934,78056.1,79898.6,71820.4
X-n502-k39,tuned type 2,17,125525,71816,73983.9,75394.7,78155,79833.2,71811
X-n502-k39,tuned type 2,18,124691,71817.4,73919.3,75820.7,77981.3,79706.3,71817.4
X-n502-k39,tuned type 2,19,126373,71817.4,74254.2,75631.5,78334.2,79787.5,71816
X-n502-k39,tuned type 2,20,127938,71814.1,74025.3,76181.7,77714.3,79408.4,71823.6
X-n655-k131,tuned type 2,1,198871,109876,111062,113121,114884,116531,109750
X-n655-k131,tuned type 2,2,197972,109866,111208,113418,115028,116500,109746
X-n655-k131,tuned type 2,3,198219,109866,110984,113278,114994,116508,109865
X-n655-k131,tuned type 2,4,196843,109863,111296,113132,115025,116745,109865
X-n655-k131,tuned type 2,5,196529,109872,111182,113196,114887,116396,109866
X-n655-k131,tuned type 2,6,200549,109887,111346,112996,114601,116918,109857
X-n655-k131,tuned type 2,7,198727,109880,111348,113408,115385,116642,109882
X-n655-k131,tuned type 2,8,199057,109865,111213,113379,115207,116797,109879
X-n655-k131,tuned type 2,9,197124,109875,111076,112990,114829,116660,109889
X-n655-k131,tuned type 2,10,202269,109871,111237,113471,115166,116342,109885
X-n655-k131,tuned type 2,11,197844,109865,111264,113215,115031,116496,109874
X-n655-k131,tuned type 2,12,203296,109887,111138,113355,115222,116777,109880
X-n655-k131,tuned type 2,13,194442,109887,111262,113323,114836,116845,109882
X-n655-k131,tuned type 2,14,198039,109829,111028,113217,114974,115994,109872
X-n655-k131,tuned type 2,15,197712,109860,111202,113355,114920,116643,109845
X-n655-k131,tuned type 2,16,202200,109880,111195,113144,114661,116651,109876
X-n655-k131,tuned type 2,17,200451,109865,111257,112953,115144,116555,109707
X-n655-k131,tuned type 2,18,197587,109880,111265,113197,114992,116296,109865
X-n655-k131,tuned type 2,19,199387,109887,111054,112957,114532,116574,109882
X-n655-k131,tuned type 2,20,196845,109865,111244,113488,114875,116572,109880
X-n801-k40,tuned type 2,1,230382,80112.8,85604.1,91453.6,95831.7,100051,80112.8
X-n801-k40,tuned type 2,2,225814,80112.8,85896.6,91021.3,95835.9,100221,80112.8
X-n801-k40,tuned type 2,3,226254,80112.8,85920.8,91321.6,95913.2,100113,80112.8
X-n801-k40,tuned type 2,4,225575,80112.8,86237.6,90664.4,95861.2,100524,80112.8
X-n801-k40,tuned type 2,5,224816,80112.8,85573.3,90707.3,95530,100002,80105.6
X-n801-k40,tuned type 2,6,229467,80112.8,85871.9,91125.1,95849.2,99968.6,80112.8
X-n801-k40,tuned type 2,7,227848,80112.8,86104.9,91168.7,95211.5,99887.1,80112.8
X-n801-k40,tuned type 2,8,229165,80112.8,85976.2,90885.4,95563.1,100110,80112.8
X-n801-k40,tuned type 2,9,222805,80112.8,85487.8,90529.4,94776,100278,80112.8
X-n801-k40,tuned type 2,10,233029,80138,85494.4,90858.7,96172.9,99393.8,80112.8
X-n801-k40,tuned type 2,11,226048,80112.8,85816.6,91078,95735.3,99427.2,80112.8
X-n801-k40,tuned type 2,12,227326,80112.8,86093.8,91415.3,95692,99662.3,80112.8
X-n801-k40,tuned type 2,13,232709,80112.8,85777.7,91125.5,95481.9,100243,80112.8
X-n801-k40,tuned type 2,14,225346,80112.8,85854.8,90817.1,95474.1,99696.2,80112.8
X-n801-k40,tuned type 2,15,227913,80112.8,86039.8,90888.7,95966.5,98664.3,80112.8
X-n801-k40,tuned type 2,16,228353,80112.8,85981.1,91382,96107.4,99282.6,80112.8
X-n801-k40,tuned type 2,17,226572,80112.8,85949.3,91341.5,95322.2,99950.7,80112.8
X-n801-k40,tuned type 2,18,224841,80112.8,85999.1,90894.2,95513.1,100002,80138
X-n801-k40,tuned type 2,19,226759,80112.8,85731.3,91424.2,95417.9,100177,80112.5
X-n801-k40,tuned type 2,20,225824,80112.8,85987.5,91145,95827.5,99311.1,80112.8
X-n876-k59,tuned type 2,1,335484,121285,120726,123732,130502,130988,118117
X-n876-k59,tuned type 2,2,332976,121126,119807,123745,125501,130487,117902
X-n876-k59,tuned type 2,3,341212,121285,120066,123874,125407,132027,117711
X-n876-k59,tuned type 2,4,344930,120018,119109,125654,128311,133764,118213
X-n876-k59,tuned type 2,5,336264,120721,120691,123802,128440,131647,116433
X-n876-k59,tuned type 2,6,323165,121285,118752,123912,127293,131339,117918
X-n876-k59,tuned type 2,7,342796,121285,119871,126485,127275,131918,117189
X-n876-k59,tuned type 2,8,330634,121126,120300,125640,127983,132858,118567
X-n876-k59,tuned type 2,9,336076,121247,120305,122910,129596,130313,119132
X-n876-k59,tuned type 2,10,333428,121024,120684,125795,129087,131426,119587
X-n876-k59,tuned type 2,11,329151,120122,120827,124805,128918,128888,117317
X-n876-k59,tuned type 2,12,349366,120721,119054,124204,130032,133258,116694
X-n876-k59,tuned type 2,13,330756,120825,119122,125770,129408,132291,117408
X-n876-k59,tuned type 2,14,321910,121285,119055,125318,127393,132240,116738
X-n876-k59,tuned type 2,15,331032,121285,120213,121792,128879,133179,118282
X-n876-k59,tuned type 2,16,347479,121285,121109,126300,130190,132877,115432
X-n876-k59,tuned type 2,17,340691,121285,118404,126149,131129,131942,117590
X-n876-k59,tuned type 2,18,327991,121011,119696,123736,127907,131789,116183
X-n876-k59,tuned type 2,19,326444,119904,121738,125236,129380,133086,117461
X-n876-k59,tuned type 2,20,331127,121011,120955,124978,126721,129297,117426
X-n957-k87,tuned type 2,1,300523,92424.5,97096.8,102141,106489,110679,92435.2
X-n957-k87,tuned type 2,2,297901,92439.9,97220.7,102823,106085,110683,92425.4
X-n957-k87,tuned type 2,3,300309,92432.4,97219.6,102391,106307,111017,92443.7
X-n957-k87,tuned type 2,4,300388,92438.2,97161.3,102437,107115,111058,92435.1
X-n957-k87,tuned type 2,5,295932,92422.7,97320.8,102201,106915,109415,92440.2
X-n957-k87,tuned type 2,6,299597,92430.5,97340.2,101557,106751,110816,92432.4
X-n957-k87,tuned type 2,7,301284,92432.3,97775.3,102026,106836,110991,92444.9
X-n957-k87,tuned type 2,8,300288,92424.5,97551,102609,107159,110403,92432.4
X-n957-k87,tuned type 2,9,301671,92432.4,97283.5,101993,106933,111077,92432.4
X-n957-k87,tuned type 2,10,297415,92433.7,96789.3,102190,106690,111056,92435.1
X-n957-k87,tuned type 2,11,302977,92424.5,97414.2,101528,105930,110861,92422.7
X-n957-k87,tuned type 2,12,301686,92432.3,97576.8,102257,106149,110892,92440.2
X-n957-k87,tuned type 2,13,306346,92432.4,97359.1,101584,106257,111336,92438.6
X-n957-k87,tuned type 2,14,305251,92434.1,96998.2,102236,106054,110270,92444.9
X-n957-k87,tuned type 2,15,301048,92428.8,97398.1,102004,107029,110139,92432.4
X-n957-k87,tuned type 2,16,303211,92430.9,97345.6,102499,106843,110070,92444.9
X-n957-k87,tuned type 2,17,306511,92438.6,97480.5,101908,107128,110477,92425.4
X-n957-k87,tuned type 2,18,299304,92434.7,97231.3,102437,106628,110676,92438.6
X-n957-k87,tuned type 2,19,298301,92414.7,97014.4,102085,106121,110444,92424.5
X-n957-k87,tuned type 2,20,301412,92428.8,97734.1,102990,106828,110946,92434.9
X-n1001-k43,tuned type 2,1,276874,86150,92374.8,98234.4,103653,109564,86136.8
X-n1001-k43,tuned type 2,2,280305,85996,92165.4,98316.4,104284,108413,85966.2
X-n1001-k43,tuned type 2,3,275164,86150,92079.2,98656.5,103965,109308,86150
X-n1001-k43,tuned type 2,4,270608,86150,92425.8,98937.6,103614,108275,86105.4
X-n1001-k43,tuned type 2,5,276975,86150,92369.4,98709.1,103366,108838,86038.6
X-n1001-k43,tuned type 2,6,276700,86150,91018,98773.3,104755,109318,86150
X-n1001-k43,tuned type 2,7,270515,86150,92043.1,99242.5,104063,109784,85727.8
X-n1001-k43,tuned type 2,8,279392,86150,92251.6,98119.8,104167,109502,85828.3
X-n1001-k43,tuned type 2,9,266831,86150,92070.4,98572.9,104270,109479,86134.2
X-n1001-k43,tuned type 2,10,264627,86150,92365.3,97916.8,103505,109513,86150
X-n1001-k43,tuned type 2,11,266578,85890.3,92797.6,98419.9,104405,109161,86139
X-n1001-k43,tuned type 2,12,274899,86150,91837.3,98517.2,103619,108627,86150
X-n1001-k43,tuned type 2,13,274832,86150,92449.6,98038.8,104283,109170,86150
X-n1001-k43,tuned type 2,14,272132,86150,91997.9,97878.5,101827,108968,86150
X-n1001-k43,tuned type 2,15,278079,86150,92027.4,98142.8,104371,108955,86150
X-n1001-k43,tuned type 2,16,271698,86150,92107.2,98937.6,104379,109771,86150
X-n1001-k43,tuned type 2,17,274960,85966.2,92100.5,98563.7,104731,109944,85995.8
X-n1001-k43,tuned type 2,18,272344,86150,91656.8,98639.4,103438,109914,86120.5
X-n1001-k43,tuned type 2,19,283247,85996,91946.5,98732.9,103069,109397,86068.1
X-n1001-k43,tuned type 2,20,281047,85901.9,92218.9,98862.2,104543,109119,86103.1
X-n106-k14,tuned type 1,1,29495.7,28242.1,28155.2,28424.2,28351.8,28291,28032.3
X-n106-k14,tuned type 1,2,29678.9,28012.1,27982.9,27763,27978.4,27988.4,27961.3
X-n106-k14,tuned type 1,3,29165.8,27785.6,27905.6,28772.4,28458,28690.4,27917.6
X-n106-k14,tuned type 1,4,29483.3,27758.7,27922.3,28048.1,27928.6,29105.6,28093.2
X-n106-k14,tuned type 1,5,29449.7,27957.9,28001.9,28061.9,28390.8,28298.5,28029.5
X-n106-k14,tuned type 1,6,29554.1,28026.2,28220.5,28264.2,28333.2,28366.3,28245.1
X-n106-k14,tuned type 1,7,30208.2,27956.5,28130.4,28295.5,28236,28628,27866.2
X-n106-k14,tuned type 1,8,29760.9,27751.5,28262.5,28167.5,27847.5,28299.7,27961.2
X-n106-k14,tuned type 1,9,29825.4,28096.4,27825.2,28074.1,28507.2,28580.5,28029.4
X-n106-k14,tuned type 1,10,29696.3,27944.2,28409.1,27894.4,28207.5,28430.4,27471
X-n106-k14,tuned type 1,11,29826.9,27837.6,27759.9,28383.9,28188.5,28844.3,27455.5
X-n106-k14,tuned type 1,12,29392.5,28071.2,28253.4,28300.9,28350.4,28396.1,27691.5
X-n106-k14,tuned type 1,13,29683.2,27819.6,28419,28223.4,28293.2,28014.7,28057.2
X-n106-k14,tuned type 1,14,29796.2,28072.3,28179.6,28442.2,28583.6,28065.5,27890.9
X-n106-k14,tuned type 1,15,29617,28003.1,27875.2,28195.3,28745.5,28368.7,27992.7
X-n106-k14,tuned type 1,16,29947.7,28026.1,27987.2,28197.7,28239.2,28197.9,27952.1
X-n106-k14,tuned type 1,17,28932.2,27800.8,28243.8,28328.7,28051.3,28046.4,28023.3
X-n106-k14,tuned type 1,18,29709.2,28026.9,27938,28241.9,28660.2,28137,27951.8
X-n106-k14,tuned type 1,19,28862.8,28058.1,27907.7,28053.3,28907.8,28479.2,27979.3
X-n106-k14,tuned type 1,20,29337.2,28109.8,27945.5,28366.7,28262.2,27950.3,28006
X-n204-k19,tuned type 1,1,30432.7,22788.6,24102.1,26177.6,25503.5,25934.5,22853.1
X-n204-k19,tuned type 1,2,32315.8,23025.4,25297.5,26589.9,26974.6,26864,22813.4
X-n204-k19,tuned type 1,3,32139.8,22813.4,23898.9,27860.5,26572.3,27580.3,22760.2
X-n204-k19,tuned type 1,4,32426.2,22632.6,24096.3,25006.1,26745.8,25541,22634.3
X-n204-k19,tuned type 1,5,29645.5,22654.2,24595.7,25175.5,27699.6,28491.9,22792.2
X-n204-k19,tuned type 1,6,30963.9,22822.4,24345.1,26535.6,25990.2,26725.3,22986.9
X-n204-k19,tuned type 1,7,29940.9,23010.4,23948.8,25161.5,26100.6,27107,22374.1
X-n204-k19,tuned type 1,8,29424.6,22813.4,25894.4,25037.6,27911.8,26111.7,22870.1
X-n204-k19,tuned type 1,9,30033.7,22632.6,24662.6,24818.4,25543.6,28679.6,23010.4
X-n204-k19,tuned type 1,10,29879,22641.7,24302.3,24649.6,26367.3,27882,22706.1
X-n204-k19,tuned type 1,11,31044.5,22822.4,23886.8,25671.7,26306.4,25748.2,22776.3
X-n204-k19,tuned type 1,12,32061.6,23081.6,24396,25603.7,27817.4,27317.4,22627.4
X-n204-k19,tuned type 1,13,30790.3,23010.4,25757.2,27203.2,28022.1,27454.6,22813.4
X-n204-k19,tuned type 1,14,31961,23010.4,25005.3,25983.9,27118.8,24764.8,22860.9
X-n204-k19,tuned type 1,15,30453,22587.5,24815.5,27266.7,25866.3,27465.7,22829.6
X-n204-k19,tuned type 1,16,31910.3,22600.2,25224.7,24906.4,26803.2,26455.7,23010.4
X-n204-k19,tuned type 1,17,31598.2,22822.4,24598.6,26231.5,26608.1,25857.2,23111
X-n204-k19,tuned type 1,18,30069.8,23010.4,24029.9,26514.4,25953.4,27509.3,22891.3
X-n204-k19,tuned type 1,19,31318.4,23010.4,25724.9,26234.3,25719,26287,23120
X-n204-k19,tuned type 1,20,30208.3,22970.6,24598.9,26319.2,25056.3,26601.7,22792.1
X-n308-k13,tuned type 1,1,40556.8,32310.8,35569,36743.8,37770.5,37271.1,33534.1
X-n308-k13,tuned type 1,2,39137.5,34912.8,34603.6,35222.7,35984.4,37897.1,33261.2
X-n308-k13,tuned type 1,3,38391.3,34867.3,34131.8,36101.7,36430.3,37982.5,32510
X-n308-k13,tuned type 1,4,40029.1,31993.6,34483.5,35551.9,36431.5,36372,31902.4
X-n308-k13,tuned type 1,5,38989.8,33901.6,36474.7,34441.1,36753.2,38695.8,32844.4
X-n308-k13,tuned type 1,6,40628.1,33780.5,33869.1,34620.7,35475.5,35754,33539.7
X-n308-k13,tuned type 1,7,38247.1,33884.7,35691.7,36628.1,38563.4,37530.7,32664.1
X-n308-k13,tuned type 1,8,37737,34867.3,34408.8,35684.2,36716.7,36971.4,32921.8
X-n308-k13,tuned type 1,9,38769.7,33000.4,33391.7,35919.3,35266,37081.4,32026.8
X-n308-k13,tuned type 1,10,39375.3,32240.6,33288.8,33430.1,35268.1,37419,32807.2
X-n308-k13,tuned type 1,11,38991,33940.4,34387.6,36044.6,36721.9,37466.5,32627.5
X-n308-k13,tuned type 1,12,38648,34289.9,34112.4,36270.3,36897.8,37344.9,34371.7
X-n308-k13,tuned type 1,13,40685.2,32226.2,34376.7,36025.6,34959.3,35831.8,33953.4
X-n308-k13,tuned type 1,14,37679,34867.3,34654,35710.2,37655.8,36319.7,33067
X-n308-k13,tuned type 1,15,39963.2,33590.4,34996.6,36001.8,35596.7,36882,32956.2
X-n308-k13,tuned type 1,16,40406,32663.7,34526,34263.5,36033.1,34380.5,32732.2
X-n308-k13,tuned type 1,17,39801.3,32746.2,33937.9,35513.6,35182.6,36942.9,32179
X-n308-k13,tuned type 1,18,39656.7,34912.8,33475,35301.6,35434.7,39302.8,32320.4
X-n308-k13,tuned type 1,19,40572.8,33112.7,33994.9,35066.9,37828.4,37352.3,33276.8
X-n308-k13,tuned type 1,20,41011.6,32722.5,33664.3,35563.6,35790.2,38688,33171.6
X-n376-k94,tuned type 1,1,199948,150575,153075,155466,158161,160504,150605
X-n376-k94,tuned type 1,2,208464,150530,153168,155905,158391,160275,150565
X-n376-k94,tuned type 1,3,207107,150598,153190,155562,158448,160090,150553
X-n376-k94,tuned type 1,4,205056,150529,152886,155321,158536,159926,150567
X-n376-k94,tuned type 1,5,196752,150599,153331,155349,158233,160166,150609
X-n376-k94,tuned type 1,6,200383,150527,152843,155751,157969,160335,150364
X-n376-k94,tuned type 1,7,200355,150570,153215,154128,158504,160281,150516
X-n376-k94,tuned type 1,8,209030,150594,153186,155592,157990,160297,150519
X-n376-k94,tuned type 1,9,202096,150588,153215,156196,158883,160081,150441
X-n376-k94,tuned type 1,10,202899,150622,153128,156042,157971,160222,150572
X-n376-k94,tuned type 1,11,204430,150588,153051,155881,158590,160648,150563
X-n376-k94,tuned type 1,12,202885,150587,153201,155633,158057,160269,150588
X-n376-k94,tuned type 1,13,202501,150572,153037,155688,158672,160668,150593
X-n376-k94,tuned type 1,14,201369,150555,153131,155551,157013,160349,150416
X-n376-k94,tuned type 1,15,210720,150542,153371,155079,158396,160278,150591
X-n376-k94,tuned type 1,16,201797,150573,153139,155870,158669,160484,150401
X-n376-k94,tuned type 1,17,203480,150539,153219,155350,158482,160084,150522
X-n376-k94,tuned type 1,18,201443,150584,153046,155608,157527,160446,150580
X-n376-k94,tuned type 1,19,203712,150569,153241,155884,158201,159473,150483
X-n376-k94,tuned type 1,20,208879,150577,153481,156179,157903,160239,150581
X-n502-k39,tuned type 1,1,89518.5,71748.9,74098.6,76182.7,77429.5,78307.2,71742.6
X-n502-k39,tuned type 1,2,86637.2,71808.8,73726.5,75890.9,76131.7,77915.1,71802.4
X-n502-k39,tuned type 1,3,91686.2,71806.3,73748.9,76050.9,76440,77256.8,71821.7
X-n502-k39,tuned type 1,4,93668.3,71748.9,74055.7,75858.7,77808.1,77099.5,71754.7
X-n502-k39,tuned type 1,5,86288.5,71770.4,73997.4,76011.3,77079.6,77038.1,71805.2
X-n502-k39,tuned type 1,6,92515,71758,73603.8,75573.8,77027.7,78149.3,71805.2
X-n502-k39,tuned type 1,7,88340.8,71805.2,74161.1,75906.6,76789.1,78434.9,71779.7
X-n502-k39,tuned type 1,8,88005,71799.2,74026.8,76003,76527.1,77999.8,71800.6
X-n502-k39,tuned type 1,9,93203.7,71802.4,74107.6,76075.8,77601.2,77971.3,71797.3
X-n502-k39,tuned type 1,10,92949,71810.7,73952.9,76191.3,75853,78407.9,71750.5
X-n502-k39,tuned type 1,11,89331,71802.4,74015.7,75768.9,76121.4,77706.5,71806
X-n502-k39,tuned type 1,12,88679.5,71799.6,73839.1,75678.9,76623.5,77451.4,71801.8
X-n502-k39,tuned type 1,13,94269.6,71742.6,74047.3,76066.9,77803.3,77469.1,71805.2
X-n502-k39,tuned type 1,14,90308.3,71751.6,73991.8,75731.1,78253.9,78360.6,71802
X-n502-k39,tuned type 1,15,91214.9,71790,73872.4,76099,78033.7,77410.3,71787.3
X-n502-k39,tuned type 1,16,89276.7,71810.6,73943.6,75934,77243.3,77902.4,71802.4
X-n502-k39,tuned type 1,17,91208.1,71715.6,73983.9,75394.7,77227.5,78053.5,71786.6
X-n502-k39,tuned type 1,18,88736.5,71772.2,73919.3,75820.7,76743.3,78421.5,71810.7
X-n502-k39,tuned type 1,19,93363.8,71808.8,74254.2,75631.5,77230.1,77753.9,71805.2
X-n502-k39,tuned type 1,20,88854.8,71808.8,74025.3,75185.1,77707.8,77688.2,71808.6
X-n655-k131,tuned type 1,1,170357,109864,111062,113121,114884,116531,109750
X-n655-k131,tuned type 1,2,180957,109866,111208,113418,115028,116500,109746
X-n655-k131,tuned type 1,3,174637,109866,110984,113278,114994,116508,109865
X-n655-k131,tuned type 1,4,175315,109863,111296,113033,114998,116745,109865
X-n655-k131,tuned type 1,5,169996,109855,111182,113196,114887,116396,109866
X-n655-k131,tuned type 1,6,177648,109863,111346,112996,114601,116918,109845
X-n655-k131,tuned type 1,7,177285,109862,111348,113408,115385,116642,109861
X-n655-k131,tuned type 1,8,173809,109865,111213,113379,115207,116797,109861
X-n655-k131,tuned type 1,9,177676,109862,111076,112990,114829,116660,109863
X-n655-k131,tuned type 1,10,177219,109855,111237,113471,115166,116342,109843
X-n655-k131,tuned type 1,11,175802,109858,111264,113215,115031,116496,109854
X-n655-k131,tuned type 1,12,167196,109861,111138,113355,115222,116777,109849
X-n655-k131,tuned type 1,13,166849,109866,111262,113323,114836,116845,109866
X-n655-k131,tuned type 1,14,177170,109812,111028,113217,114974,115994,109859
X-n655-k131,tuned type 1,15,164418,109857,111202,113355,114920,116643,109845
X-n655-k131,tuned type 1,16,181856,109856,111195,113144,114661,116651,109849
X-n655-k131,tuned type 1,17,175221,109865,111257,112953,115144,116555,109707
X-n655-k131,tuned type 1,18,171872,109849,111265,113197,114992,116296,109865
X-n655-k131,tuned type 1,19,174675,109862,111054,112957,114532,116574,109869
X-n655-k131,tuned type 1,20,170867,109865,111244,113488,114875,116572,109853
X-n801-k40,tuned type 1,1,169923,80112.8,85604.1,91453.6,95831.7,100051,80112.8
X-n801-k40,tuned type 1,2,161131,80112.8,85896.6,91021.3,95835.9,100221,80112.8
X-n801-k40,tuned type 1,3,164177,80112.8,85920.8,91321.6,95913.2,100113,80112.8
X-n801-k40,tuned type 1,4,166823,80112.8,86237.6,90664.4,95861.2,100524,80112.8
X-n801-k40,tuned type 1,5,168086,80112.8,85573.3,90707.3,95530,98627.7,80105.6
X-n801-k40,tuned type 1,6,169043,80112.8,85871.9,91125.1,95849.2,99968.6,80112.8
X-n801-k40,tuned type 1,7,164399,80112.8,86104.9,91168.7,95211.5,99887.1,80112.8
X-n801-k40,tuned type 1,8,164681,80112.8,85976.2,90885.4,95563.1,100110,80112.8
X-n801-k40,tuned type 1,9,159587,80112.8,85487.8,90529.4,94776,100278,80112.8
X-n801-k40,tuned type 1,10,163009,80112.8,85494.4,90858.7,96172.9,99393.8,80112.8
X-n801-k40,tuned type 1,11,154861,80112.8,85816.6,91078,95735.3,99427.2,80112.8
X-n801-k40,tuned type 1,12,164323,80112.8,86093.8,91415.3,95692,99662.3,80112.8
X-n801-k40,tuned type 1,13,160040,80112.8,85777.7,91125.5,95481.9,100243,80112.8
X-n801-k40,tuned type 1,14,162221,80112.8,85854.8,90817.1,95474.1,99696.2,80112.8
X-n801-k40,tuned type 1,15,162359,80112.8,86039.8,90888.7,95966.5,98664.3,80112.8
X-n801-k40,tuned type 1,16,167358,80112.8,85981.1,91120.5,96107.4,99282.6,80112.8
X-n801-k40,tuned type 1,17,161484,80112.8,85949.3,91341.5,95322.2,99950.7,80112.8
X-n801-k40,tuned type 1,18,163240,80112.8,85999.1,90894.2,95513.1,99404.2,80138
X-n801-k40,tuned type 1,19,163355,80112.8,85731.3,91424.2,95417.9,100177,80112.5
X-n801-k40,tuned type 1,20,164762,80112.8,85987.5,91145,95827.5,99311.1,80112.8
X-n876-k59,tuned type 1,1,231080,119890,119435,121516,128034,127187,117023
X-n876-k59,tuned type 1,2,237223,119815,117995,120607,124257,127725,115314
X-n876-k59,tuned type 1,3,253596,117245,118771,119592,122837,128135,114675
X-n876-k59,tuned type 1,4,246031,118868,117134,124671,126461,129080,114955
X-n876-k59,tuned type 1,5,230864,117804,119304,121753,124978,129272,114490
X-n876-k59,tuned type 1,6,249182,119557,116719,120738,124444,128545,116327
X-n876-k59,tuned type 1,7,232352,120442,117984,125065,123946,128898,115745
X-n876-k59,tuned type 1,8,224706,117656,118562,121780,126049,129076,116801
X-n876-k59,tuned type 1,9,251432,119810,118846,120034,124948,126447,117717
X-n876-k59,tuned type 1,10,251542,119497,117093,122937,126401,128971,116817
X-n876-k59,tuned type 1,11,232131,117712,118504,122603,126327,125330,115187
X-n876-k59,tuned type 1,12,256781,119835,115672,121819,127996,130110,114989
X-n876-k59,tuned type 1,13,241207,119151,117648,122780,125809,129474,114292
X-n876-k59,tuned type 1,14,244181,119937,118685,123226,125165,128869,114650
X-n876-k59,tuned type 1,15,228587,118677,118289,119753,125191,128072,114666
X-n876-k59,tuned type 1,16,256732,120716,119367,124894,127621,129057,113777
X-n876-k59,tuned type 1,17,245970,120085,116457,122058,124746,126783,113641
X-n876-k59,tuned type 1,18,237973,119985,117551,121111,122334,130139,114481
X-n876-k59,tuned type 1,19,236275,118541,120283,123444,126541,128943,117305
X-n876-k59,tuned type 1,20,234652,120232,120343,122383,125001,126547,115693
X-n957-k87,tuned type 1,1,232078,92414.7,97096.8,102141,106489,110679,92415
X-n957-k87,tuned type 1,2,221590,92410.2,97220.7,102823,106085,110683,92414.7
X-n957-k87,tuned type 1,3,213759,92421.9,97219.6,102391,106307,111017,92414.7
X-n957-k87,tuned type 1,4,226728,92416.1,97161.3,102437,107115,111058,92416.1
X-n957-k87,tuned type 1,5,242075,92414.7,97320.8,102201,106915,109415,92420.3
X-n957-k87,tuned type 1,6,241531,92395.9,97340.2,101557,106751,110816,92414.7
X-n957-k87,tuned type 1,7,236309,92416.1,97775.3,102026,106836,110991,92428.3
X-n957-k87,tuned type 1,8,234666,92422.3,97551,102609,107158,110403,92414.7
X-n957-k87,tuned type 1,9,217613,92414.7,97283.5,101993,106933,111077,92414.7
X-n957-k87,tuned type 1,10,228420,92404.3,96789.3,102190,106690,111056,92414.7
X-n957-k87,tuned type 1,11,218778,92414.7,97414.2,101528,105930,110861,92414.7
X-n957-k87,tuned type 1,12,233374,92414.7,97576.8,102257,106149,110892,92414.7
X-n957-k87,tuned type 1,13,224993,92414.7,97275.4,101584,106257,111336,92414.7
X-n957-k87,tuned type 1,14,225564,92414.7,96998.2,102236,106054,110270,92414.7
X-n957-k87,tuned type 1,15,236574,92414.7,97398.1,102004,107029,110139,92412.2
X-n957-k87,tuned type 1,16,247351,92416.1,97345.6,102499,106843,110070,92414.7
X-n957-k87,tuned type 1,17,239914,92416.2,97480.5,101908,107128,110477,92416.1
X-n957-k87,tuned type 1,18,241806,92424.4,97231.3,102437,106628,110676,92414.7
X-n957-k87,tuned type 1,19,225874,92414.7,97014.4,102085,106121,110444,92422.2
X-n957-k87,tuned type 1,20,231104,92414.7,97734.1,102990,106828,110917,92414.7
X-n1001-k43,tuned type 1,1,176642,86003.2,92374.8,98234.4,100760,104998,86136.8
X-n1001-k43,tuned type 1,2,171589,85996,92165.4,98316.4,102230,106916,85421.5
X-n1001-k43,tuned type 1,3,190695,85885.5,92079.2,98656.5,102577,109308,86150
X-n1001-k43,tuned type 1,4,170603,86150,92425.8,96042.2,101014,104682,86073.7
X-n1001-k43,tuned type 1,5,168495,86150,91893.7,97252.1,100871,105619,86038.6
X-n1001-k43,tuned type 1,6,179590,85997,91018,98773.3,104755,108233,86150
X-n1001-k43,tuned type 1,7,183545,86150,92043.1,99242.5,104063,105417,85705
X-n1001-k43,tuned type 1,8,181294,86150,92251.6,97731.9,102259,107428,85828.3
X-n1001-k43,tuned type 1,9,173859,86150,92022,98572.9,102065,107915,86134.2
X-n1001-k43,tuned type 1,10,170936,85996,92365.3,97916.8,103505,105892,86033.1
X-n1001-k43,tuned type 1,11,176231,85858.7,92797.6,97965.6,102255,107796,86139
X-n1001-k43,tuned type 1,12,181308,86150,91837.3,98517.2,102198,107014,86150
X-n1001-k43,tuned type 1,13,170097,86150,92449.6,97200.6,102965,109170,86086.3
X-n1001-k43,tuned type 1,14,178229,86003.2,91997.9,97878.5,101147,104285,86150
X-n1001-k43,tuned type 1,15,187184,86150,92027.4,98142.8,102113,104743,86150
X-n1001-k43,tuned type 1,16,172340,86003.2,92107.2,97252,100860,108126,86150
X-n1001-k43,tuned type 1,17,178551,85460.6,92100.5,97418.6,102625,106367,85995.8
X-n1001-k43,tuned type 1,18,177129,86150,91656.8,98639.4,103214,109154,86120.5
X-n1001-k43,tuned type 1,19,174656,85996,91293.8,97805.9,103069,105232,86068.1
X-n1001-k43,tuned type 1,20,182952,85120.5,92218.9,98862.2,103285,104393,85921.9
